category,path,added,removed,kind,previous_path
"B8 CLI, auth, lifecycle, flags and other core seams",apps/backend/AGENTS.md,1,1,source_or_docs,
"B8 CLI, auth, lifecycle, flags and other core seams",apps/backend/ORCHESTRATION.md,7,0,source_or_docs,
"B8 CLI, auth, lifecycle, flags and other core seams",apps/backend/cmd/agentctl/kandev.go,34,0,source_or_docs,
"B8 CLI, auth, lifecycle, flags and other core seams",apps/backend/cmd/agentctl/kandev_assistant_flags.go,41,0,source_or_docs,
"B8 CLI, auth, lifecycle, flags and other core seams",apps/backend/cmd/agentctl/kandev_client.go,21,16,source_or_docs,
"B8 CLI, auth, lifecycle, flags and other core seams",apps/backend/cmd/agentctl/kandev_context.go,35,0,source_or_docs,
"B8 CLI, auth, lifecycle, flags and other core seams",apps/backend/cmd/agentctl/kandev_context_test.go,21,0,test,
"B8 CLI, auth, lifecycle, flags and other core seams",apps/backend/cmd/agentctl/kandev_memory.go,4,2,source_or_docs,
"B8 CLI, auth, lifecycle, flags and other core seams",apps/backend/cmd/agentctl/kandev_objective.go,98,0,source_or_docs,
"B8 CLI, auth, lifecycle, flags and other core seams",apps/backend/cmd/agentctl/kandev_orchestration_test.go,76,0,test,
"B8 CLI, auth, lifecycle, flags and other core seams",apps/backend/cmd/agentctl/kandev_task.go,37,23,source_or_docs,
"B8 CLI, auth, lifecycle, flags and other core seams",apps/backend/cmd/agentctl/kandev_test.go,2,2,test,
"B8 CLI, auth, lifecycle, flags and other core seams",apps/backend/cmd/agentctl/kandev_workspace.go,62,0,source_or_docs,
"B8 CLI, auth, lifecycle, flags and other core seams",apps/backend/cmd/agentctl/kandev_workspace_test.go,34,0,test,
"B8 CLI, auth, lifecycle, flags and other core seams",apps/backend/config/prompts/conversation-context.md,22,0,source_or_docs,
"B8 CLI, auth, lifecycle, flags and other core seams",apps/backend/internal/agent/runtime/lifecycle/event_types.go,1,1,source_or_docs,
"B8 CLI, auth, lifecycle, flags and other core seams",apps/backend/internal/agent/runtime/lifecycle/events.go,1,1,source_or_docs,
"B8 CLI, auth, lifecycle, flags and other core seams",apps/backend/internal/agent/runtime/lifecycle/executor_backend.go,5,0,source_or_docs,
"B8 CLI, auth, lifecycle, flags and other core seams",apps/backend/internal/agent/runtime/lifecycle/executor_ssh.go,45,31,source_or_docs,
"B8 CLI, auth, lifecycle, flags and other core seams",apps/backend/internal/agent/runtime/lifecycle/executor_ssh_managed_runtime.go,134,0,source_or_docs,
"B8 CLI, auth, lifecycle, flags and other core seams",apps/backend/internal/agent/runtime/lifecycle/executor_ssh_managed_runtime_test.go,91,0,test,
"B8 CLI, auth, lifecycle, flags and other core seams",apps/backend/internal/agent/runtime/lifecycle/executor_ssh_operations.go,7,0,source_or_docs,
"B8 CLI, auth, lifecycle, flags and other core seams",apps/backend/internal/agent/runtime/lifecycle/executor_ssh_remote_contribution.go,3,0,source_or_docs,
"B8 CLI, auth, lifecycle, flags and other core seams",apps/backend/internal/agent/runtime/lifecycle/manager_launch.go,5,0,source_or_docs,
"B8 CLI, auth, lifecycle, flags and other core seams",apps/backend/internal/agent/runtime/lifecycle/manager_launch_test.go,20,0,test,
"B8 CLI, auth, lifecycle, flags and other core seams",apps/backend/internal/agent/runtime/lifecycle/runtime_run_identity_test.go,17,0,test,
"B8 CLI, auth, lifecycle, flags and other core seams",apps/backend/internal/agent/runtime/lifecycle/types.go,18,0,source_or_docs,
"B8 CLI, auth, lifecycle, flags and other core seams",apps/backend/internal/agent/runtimeauth/auth.go,174,0,source_or_docs,
"B8 CLI, auth, lifecycle, flags and other core seams",apps/backend/internal/agent/runtimeauth/auth_test.go,2,2,test,apps/backend/internal/office/agents/auth_test.go
"B8 CLI, auth, lifecycle, flags and other core seams",apps/backend/internal/agent/runtimeauth/middleware.go,48,0,source_or_docs,
"B8 CLI, auth, lifecycle, flags and other core seams",apps/backend/internal/agentctl/server/api/server.go,1,1,source_or_docs,
B4 Automation destination and export guard,apps/backend/internal/automation/export_ac22_test.go,1,0,test,
B4 Automation destination and export guard,apps/backend/internal/automation/export_service.go,3,0,source_or_docs,
B4 Automation destination and export guard,apps/backend/internal/automation/export_service_test.go,27,0,test,
B4 Automation destination and export guard,apps/backend/internal/automation/models.go,20,15,source_or_docs,
B4 Automation destination and export guard,apps/backend/internal/automation/orchestrator.go,85,0,source_or_docs,
B4 Automation destination and export guard,apps/backend/internal/automation/orchestrator_test.go,110,0,test,
B4 Automation destination and export guard,apps/backend/internal/automation/service.go,23,6,source_or_docs,
B4 Automation destination and export guard,apps/backend/internal/automation/store.go,16,10,source_or_docs,
"B3 Composition, task adapters, ownership and context",apps/backend/internal/backendapp/adapters_assistant_completion.go,139,0,source_or_docs,
"B3 Composition, task adapters, ownership and context",apps/backend/internal/backendapp/adapters_assistant_context.go,43,0,source_or_docs,
"B3 Composition, task adapters, ownership and context",apps/backend/internal/backendapp/adapters_office.go,19,0,source_or_docs,
"B3 Composition, task adapters, ownership and context",apps/backend/internal/backendapp/adapters_office_test.go,51,1,test,
"B3 Composition, task adapters, ownership and context",apps/backend/internal/backendapp/adapters_orchestration_profiles.go,66,0,source_or_docs,
"B3 Composition, task adapters, ownership and context",apps/backend/internal/backendapp/adapters_workspace_results.go,172,0,source_or_docs,
"B3 Composition, task adapters, ownership and context",apps/backend/internal/backendapp/adapters_workspace_tasks.go,250,0,source_or_docs,
"B3 Composition, task adapters, ownership and context",apps/backend/internal/backendapp/adapters_workspace_tasks_test.go,298,0,test,
"B3 Composition, task adapters, ownership and context",apps/backend/internal/backendapp/assistant_context_scope.go,53,0,source_or_docs,
"B3 Composition, task adapters, ownership and context",apps/backend/internal/backendapp/assistant_context_test.go,43,0,test,
"B3 Composition, task adapters, ownership and context",apps/backend/internal/backendapp/assistant_credentials.go,26,0,source_or_docs,
"B3 Composition, task adapters, ownership and context",apps/backend/internal/backendapp/assistant_dispatch.go,53,0,source_or_docs,
"B3 Composition, task adapters, ownership and context",apps/backend/internal/backendapp/assistant_ownership.go,12,0,source_or_docs,
"B3 Composition, task adapters, ownership and context",apps/backend/internal/backendapp/assistant_privacy_test.go,89,0,test,
"B3 Composition, task adapters, ownership and context",apps/backend/internal/backendapp/helpers.go,23,19,source_or_docs,
"B3 Composition, task adapters, ownership and context",apps/backend/internal/backendapp/main.go,92,29,source_or_docs,
"B3 Composition, task adapters, ownership and context",apps/backend/internal/backendapp/office_scope.go,3,1,source_or_docs,
"B3 Composition, task adapters, ownership and context",apps/backend/internal/backendapp/orchestration.go,110,0,source_or_docs,
"B3 Composition, task adapters, ownership and context",apps/backend/internal/backendapp/orchestration_runtime.go,85,0,source_or_docs,
"B3 Composition, task adapters, ownership and context",apps/backend/internal/backendapp/orchestration_runtime_test.go,36,0,test,
"B3 Composition, task adapters, ownership and context",apps/backend/internal/backendapp/orchestration_test.go,59,0,test,
"B3 Composition, task adapters, ownership and context",apps/backend/internal/backendapp/services.go,2,1,source_or_docs,
"B3 Composition, task adapters, ownership and context",apps/backend/internal/backendapp/storage.go,13,1,source_or_docs,
"B3 Composition, task adapters, ownership and context",apps/backend/internal/backendapp/types.go,6,0,source_or_docs,
"B8 CLI, auth, lifecycle, flags and other core seams",apps/backend/internal/common/config/config.go,2,1,source_or_docs,
"B8 CLI, auth, lifecycle, flags and other core seams",apps/backend/internal/common/mcpmode/mode.go,2,0,source_or_docs,
"B8 CLI, auth, lifecycle, flags and other core seams",apps/backend/internal/common/redaction/redaction.go,213,0,source_or_docs,
"B8 CLI, auth, lifecycle, flags and other core seams",apps/backend/internal/mcp/profile/profile.go,4,1,source_or_docs,
"B8 CLI, auth, lifecycle, flags and other core seams",apps/backend/internal/mcp/server/server.go,13,6,source_or_docs,
"B8 CLI, auth, lifecycle, flags and other core seams",apps/backend/internal/mcp/server/sysprompt_sync_test.go,15,0,test,
B2 Office compatibility and earlier coordinator integration,apps/backend/internal/office/agents/auth.go,9,164,source_or_docs,
B2 Office compatibility and earlier coordinator integration,apps/backend/internal/office/agents/dto.go,3,0,source_or_docs,
B2 Office compatibility and earlier coordinator integration,apps/backend/internal/office/agents/handler.go,24,27,source_or_docs,
B2 Office compatibility and earlier coordinator integration,apps/backend/internal/office/agents/pinned_profile.go,23,0,source_or_docs,
B2 Office compatibility and earlier coordinator integration,apps/backend/internal/office/channels/conversation.go,35,0,source_or_docs,
B2 Office compatibility and earlier coordinator integration,apps/backend/internal/office/channels/handler.go,17,9,source_or_docs,
B2 Office compatibility and earlier coordinator integration,apps/backend/internal/office/channels/service.go,13,6,source_or_docs,
B2 Office compatibility and earlier coordinator integration,apps/backend/internal/office/channels/workspace_chief.go,55,0,source_or_docs,
B2 Office compatibility and earlier coordinator integration,apps/backend/internal/office/channels/workspace_chief_test.go,24,0,test,
B2 Office compatibility and earlier coordinator integration,apps/backend/internal/office/configloader/assistant_instructions_test.go,16,0,test,
B2 Office compatibility and earlier coordinator integration,apps/backend/internal/office/configloader/instructions.go,2,1,source_or_docs,
B2 Office compatibility and earlier coordinator integration,apps/backend/internal/office/configloader/instructions/assistant/AGENTS.md,69,0,source_or_docs,
B2 Office compatibility and earlier coordinator integration,apps/backend/internal/office/dashboard/handler_test.go,1,1,test,
B2 Office compatibility and earlier coordinator integration,apps/backend/internal/office/engine_dispatcher/conversation_test.go,21,0,test,
B2 Office compatibility and earlier coordinator integration,apps/backend/internal/office/engine_dispatcher/dispatcher.go,14,3,source_or_docs,
B2 Office compatibility and earlier coordinator integration,apps/backend/internal/office/models/continuation_scope.go,2,24,source_or_docs,
B2 Office compatibility and earlier coordinator integration,apps/backend/internal/office/models/delegation.go,38,0,source_or_docs,
B2 Office compatibility and earlier coordinator integration,apps/backend/internal/office/models/delegation_test.go,26,0,test,
B2 Office compatibility and earlier coordinator integration,apps/backend/internal/office/models/enums.go,22,36,source_or_docs,
B2 Office compatibility and earlier coordinator integration,apps/backend/internal/office/models/models.go,3,101,source_or_docs,
B2 Office compatibility and earlier coordinator integration,apps/backend/internal/office/models/orchestrator.go,6,0,source_or_docs,
B2 Office compatibility and earlier coordinator integration,apps/backend/internal/office/repository/sqlite/agents.go,3,3,source_or_docs,
B2 Office compatibility and earlier coordinator integration,apps/backend/internal/office/repository/sqlite/agents_test.go,3,0,test,
B2 Office compatibility and earlier coordinator integration,apps/backend/internal/office/repository/sqlite/base.go,17,79,source_or_docs,
B2 Office compatibility and earlier coordinator integration,apps/backend/internal/office/repository/sqlite/comments_window_test.go,3,0,test,
B2 Office compatibility and earlier coordinator integration,apps/backend/internal/office/repository/sqlite/conversation.go,60,0,source_or_docs,
B2 Office compatibility and earlier coordinator integration,apps/backend/internal/office/repository/sqlite/conversation_test.go,121,0,test,
B2 Office compatibility and earlier coordinator integration,apps/backend/internal/office/repository/sqlite/migrations_priority_test.go,2,0,test,
B2 Office compatibility and earlier coordinator integration,apps/backend/internal/office/repository/sqlite/orchestration_profiles.go,15,0,source_or_docs,
B2 Office compatibility and earlier coordinator integration,apps/backend/internal/office/repository/sqlite/orchestrators.go,38,0,source_or_docs,
B2 Office compatibility and earlier coordinator integration,apps/backend/internal/office/repository/sqlite/orchestrators_test.go,47,0,test,
B2 Office compatibility and earlier coordinator integration,apps/backend/internal/office/repository/sqlite/tasks.go,8,6,source_or_docs,
B2 Office compatibility and earlier coordinator integration,apps/backend/internal/office/repository/sqlite/tasks_filtered_test.go,1,0,test,
B2 Office compatibility and earlier coordinator integration,apps/backend/internal/office/repository/sqlite/tasks_test.go,1,0,test,
B2 Office compatibility and earlier coordinator integration,apps/backend/internal/office/repository/sqlite/workspace_chief.go,48,0,source_or_docs,
B2 Office compatibility and earlier coordinator integration,apps/backend/internal/office/repository/sqlite/workspace_task_owner.go,24,0,source_or_docs,
B2 Office compatibility and earlier coordinator integration,apps/backend/internal/office/routing/pinned_profile.go,46,0,source_or_docs,
B2 Office compatibility and earlier coordinator integration,apps/backend/internal/office/routing/provider.go,3,0,source_or_docs,
B2 Office compatibility and earlier coordinator integration,apps/backend/internal/office/routing/provider_test.go,14,0,test,
B2 Office compatibility and earlier coordinator integration,apps/backend/internal/office/routing/resolver.go,8,4,source_or_docs,
B2 Office compatibility and earlier coordinator integration,apps/backend/internal/office/routing/resolver_test.go,47,0,test,
B2 Office compatibility and earlier coordinator integration,apps/backend/internal/office/routing/types.go,3,2,source_or_docs,
B2 Office compatibility and earlier coordinator integration,apps/backend/internal/office/runtime/actions.go,31,0,source_or_docs,
B2 Office compatibility and earlier coordinator integration,apps/backend/internal/office/runtime/context_builder.go,6,0,source_or_docs,
B2 Office compatibility and earlier coordinator integration,apps/backend/internal/office/runtime/context_builder_test.go,26,0,test,
B2 Office compatibility and earlier coordinator integration,apps/backend/internal/office/runtime/handler.go,22,19,source_or_docs,
B2 Office compatibility and earlier coordinator integration,apps/backend/internal/office/runtime/workspace_management_capability_test.go,14,0,test,
B2 Office compatibility and earlier coordinator integration,apps/backend/internal/office/runtime/workspace_tasks.go,88,0,source_or_docs,
B2 Office compatibility and earlier coordinator integration,apps/backend/internal/office/service/base_test.go,7,0,test,
B2 Office compatibility and earlier coordinator integration,apps/backend/internal/office/service/channel_relay.go,4,1,source_or_docs,
B2 Office compatibility and earlier coordinator integration,apps/backend/internal/office/service/conversation_context.go,33,0,source_or_docs,
B2 Office compatibility and earlier coordinator integration,apps/backend/internal/office/service/conversation_context_test.go,49,0,test,
B2 Office compatibility and earlier coordinator integration,apps/backend/internal/office/service/conversation_events.go,92,0,source_or_docs,
B2 Office compatibility and earlier coordinator integration,apps/backend/internal/office/service/conversation_events_test.go,76,0,test,
B2 Office compatibility and earlier coordinator integration,apps/backend/internal/office/service/delegation_context.go,61,0,source_or_docs,
B2 Office compatibility and earlier coordinator integration,apps/backend/internal/office/service/event_subscribers.go,57,50,source_or_docs,
B2 Office compatibility and earlier coordinator integration,apps/backend/internal/office/service/executor_resolver.go,7,6,source_or_docs,
B2 Office compatibility and earlier coordinator integration,apps/backend/internal/office/service/external_conversations.go,35,0,source_or_docs,
B2 Office compatibility and earlier coordinator integration,apps/backend/internal/office/service/orchestration_gate.go,11,0,source_or_docs,
B2 Office compatibility and earlier coordinator integration,apps/backend/internal/office/service/prompt_builder.go,4,1,source_or_docs,
B2 Office compatibility and earlier coordinator integration,apps/backend/internal/office/service/run.go,30,22,source_or_docs,
B2 Office compatibility and earlier coordinator integration,apps/backend/internal/office/service/scheduler_integration.go,110,80,source_or_docs,
B2 Office compatibility and earlier coordinator integration,apps/backend/internal/office/service/scheduler_integration_routing_test.go,4,1,test,
B2 Office compatibility and earlier coordinator integration,apps/backend/internal/office/service/service.go,8,0,source_or_docs,
B2 Office compatibility and earlier coordinator integration,apps/backend/internal/office/service/skill_lookup.go,8,1,source_or_docs,
B2 Office compatibility and earlier coordinator integration,apps/backend/internal/office/service/skill_lookup_role_test.go,15,0,test,
B2 Office compatibility and earlier coordinator integration,apps/backend/internal/office/service/workspace_chief_review_test.go,38,0,test,
B2 Office compatibility and earlier coordinator integration,apps/backend/internal/office/service/workspace_task_callback.go,60,0,source_or_docs,
B2 Office compatibility and earlier coordinator integration,apps/backend/internal/office/service/workspace_task_callback_test.go,100,0,test,
B2 Office compatibility and earlier coordinator integration,apps/backend/internal/office/service/workspace_task_events.go,64,0,source_or_docs,
B2 Office compatibility and earlier coordinator integration,apps/backend/internal/office/service/workspace_task_events_test.go,44,0,test,
B2 Office compatibility and earlier coordinator integration,apps/backend/internal/office/service/workspace_tasks.go,98,0,source_or_docs,
B2 Office compatibility and earlier coordinator integration,apps/backend/internal/office/shared/workspace_task.go,7,0,source_or_docs,
B1 Orchestration runtime and assistant extensions,apps/backend/internal/orchestration/configuration.go,145,0,source_or_docs,
B1 Orchestration runtime and assistant extensions,apps/backend/internal/orchestration/global_roles_test.go,45,0,test,
B1 Orchestration runtime and assistant extensions,apps/backend/internal/orchestration/handler.go,223,0,source_or_docs,
B1 Orchestration runtime and assistant extensions,apps/backend/internal/orchestration/handler_test.go,157,0,test,
B1 Orchestration runtime and assistant extensions,apps/backend/internal/orchestration/icon.go,45,0,source_or_docs,
B1 Orchestration runtime and assistant extensions,apps/backend/internal/orchestration/icon_test.go,24,0,test,
B1 Orchestration runtime and assistant extensions,apps/backend/internal/orchestration/import.go,49,0,source_or_docs,
B1 Orchestration runtime and assistant extensions,apps/backend/internal/orchestration/instructions/AGENTS.md,41,0,source_or_docs,
B1 Orchestration runtime and assistant extensions,apps/backend/internal/orchestration/instructions/instructions.go,7,0,source_or_docs,
B1 Orchestration runtime and assistant extensions,apps/backend/internal/orchestration/models/assistant.go,31,0,source_or_docs,
B1 Orchestration runtime and assistant extensions,apps/backend/internal/orchestration/models/context.go,78,0,source_or_docs,
B1 Orchestration runtime and assistant extensions,apps/backend/internal/orchestration/models/conversation.go,40,0,source_or_docs,
B1 Orchestration runtime and assistant extensions,apps/backend/internal/orchestration/models/credential.go,39,0,source_or_docs,
B1 Orchestration runtime and assistant extensions,apps/backend/internal/orchestration/models/delegation.go,38,0,source_or_docs,
B1 Orchestration runtime and assistant extensions,apps/backend/internal/orchestration/models/instruction.go,11,0,source_or_docs,
B1 Orchestration runtime and assistant extensions,apps/backend/internal/orchestration/models/objective.go,90,0,source_or_docs,
B1 Orchestration runtime and assistant extensions,apps/backend/internal/orchestration/models/operation.go,25,0,source_or_docs,
B1 Orchestration runtime and assistant extensions,apps/backend/internal/orchestration/models/persona.go,13,0,source_or_docs,
B1 Orchestration runtime and assistant extensions,apps/backend/internal/orchestration/models/role.go,17,0,source_or_docs,
B1 Orchestration runtime and assistant extensions,apps/backend/internal/orchestration/models/workspace_task.go,45,0,source_or_docs,
B1 Orchestration runtime and assistant extensions,apps/backend/internal/orchestration/personas/service.go,120,0,source_or_docs,
B1 Orchestration runtime and assistant extensions,apps/backend/internal/orchestration/repository/sqlite/assistant.go,91,0,source_or_docs,
B1 Orchestration runtime and assistant extensions,apps/backend/internal/orchestration/repository/sqlite/assistant_memory.go,72,0,source_or_docs,
B1 Orchestration runtime and assistant extensions,apps/backend/internal/orchestration/repository/sqlite/assistant_schema.go,36,0,source_or_docs,
B1 Orchestration runtime and assistant extensions,apps/backend/internal/orchestration/repository/sqlite/comments.go,57,0,source_or_docs,
B1 Orchestration runtime and assistant extensions,apps/backend/internal/orchestration/repository/sqlite/context.go,29,0,source_or_docs,
B1 Orchestration runtime and assistant extensions,apps/backend/internal/orchestration/repository/sqlite/context_schema.go,51,0,source_or_docs,
B1 Orchestration runtime and assistant extensions,apps/backend/internal/orchestration/repository/sqlite/conversation.go,75,0,source_or_docs,
B1 Orchestration runtime and assistant extensions,apps/backend/internal/orchestration/repository/sqlite/conversation_ownership.go,96,0,source_or_docs,
B1 Orchestration runtime and assistant extensions,apps/backend/internal/orchestration/repository/sqlite/credential_descriptors.go,62,0,source_or_docs,
B1 Orchestration runtime and assistant extensions,apps/backend/internal/orchestration/repository/sqlite/instructions.go,70,0,source_or_docs,
B1 Orchestration runtime and assistant extensions,apps/backend/internal/orchestration/repository/sqlite/intake.go,96,0,source_or_docs,
B1 Orchestration runtime and assistant extensions,apps/backend/internal/orchestration/repository/sqlite/legacy.go,52,0,source_or_docs,
B1 Orchestration runtime and assistant extensions,apps/backend/internal/orchestration/repository/sqlite/memory.go,128,0,source_or_docs,
B1 Orchestration runtime and assistant extensions,apps/backend/internal/orchestration/repository/sqlite/objectives.go,128,0,source_or_docs,
B1 Orchestration runtime and assistant extensions,apps/backend/internal/orchestration/repository/sqlite/operations.go,69,0,source_or_docs,
B1 Orchestration runtime and assistant extensions,apps/backend/internal/orchestration/repository/sqlite/orchestration_profiles.go,37,0,source_or_docs,
B1 Orchestration runtime and assistant extensions,apps/backend/internal/orchestration/repository/sqlite/orchestrators.go,107,0,source_or_docs,
B1 Orchestration runtime and assistant extensions,apps/backend/internal/orchestration/repository/sqlite/persona_schema.go,19,0,source_or_docs,
B1 Orchestration runtime and assistant extensions,apps/backend/internal/orchestration/repository/sqlite/profile_deletion.go,32,0,source_or_docs,
B1 Orchestration runtime and assistant extensions,apps/backend/internal/orchestration/repository/sqlite/repository.go,14,0,source_or_docs,
B1 Orchestration runtime and assistant extensions,apps/backend/internal/orchestration/repository/sqlite/repository_test.go,63,0,test,
B1 Orchestration runtime and assistant extensions,apps/backend/internal/orchestration/repository/sqlite/role_migration.go,107,0,source_or_docs,
B1 Orchestration runtime and assistant extensions,apps/backend/internal/orchestration/repository/sqlite/role_migration_test.go,48,0,test,
B1 Orchestration runtime and assistant extensions,apps/backend/internal/orchestration/repository/sqlite/roles.go,36,0,source_or_docs,
B1 Orchestration runtime and assistant extensions,apps/backend/internal/orchestration/repository/sqlite/run_recovery.go,18,0,source_or_docs,
B1 Orchestration runtime and assistant extensions,apps/backend/internal/orchestration/repository/sqlite/runtime_status.go,13,0,source_or_docs,
B1 Orchestration runtime and assistant extensions,apps/backend/internal/orchestration/runtime/assistant.go,104,0,source_or_docs,
B1 Orchestration runtime and assistant extensions,apps/backend/internal/orchestration/runtime/assistant_authority_test.go,127,0,test,
B1 Orchestration runtime and assistant extensions,apps/backend/internal/orchestration/runtime/assistant_intake_privacy_test.go,62,0,test,
B1 Orchestration runtime and assistant extensions,apps/backend/internal/orchestration/runtime/assistant_memory.go,132,0,source_or_docs,
B1 Orchestration runtime and assistant extensions,apps/backend/internal/orchestration/runtime/assistant_privacy_test.go,137,0,test,
B1 Orchestration runtime and assistant extensions,apps/backend/internal/orchestration/runtime/automation.go,55,0,source_or_docs,
B1 Orchestration runtime and assistant extensions,apps/backend/internal/orchestration/runtime/automation_test.go,36,0,test,
B1 Orchestration runtime and assistant extensions,apps/backend/internal/orchestration/runtime/context.go,166,0,source_or_docs,
B1 Orchestration runtime and assistant extensions,apps/backend/internal/orchestration/runtime/context_dispatch_test.go,71,0,test,
B1 Orchestration runtime and assistant extensions,apps/backend/internal/orchestration/runtime/context_safety_test.go,77,0,test,
B1 Orchestration runtime and assistant extensions,apps/backend/internal/orchestration/runtime/context_scope.go,28,0,source_or_docs,
B1 Orchestration runtime and assistant extensions,apps/backend/internal/orchestration/runtime/context_test.go,62,0,test,
B1 Orchestration runtime and assistant extensions,apps/backend/internal/orchestration/runtime/context_validation.go,84,0,source_or_docs,
B1 Orchestration runtime and assistant extensions,apps/backend/internal/orchestration/runtime/credentials.go,169,0,source_or_docs,
B1 Orchestration runtime and assistant extensions,apps/backend/internal/orchestration/runtime/credentials_test.go,92,0,test,
B1 Orchestration runtime and assistant extensions,apps/backend/internal/orchestration/runtime/delegation.go,54,0,source_or_docs,
B1 Orchestration runtime and assistant extensions,apps/backend/internal/orchestration/runtime/events.go,151,0,source_or_docs,
B1 Orchestration runtime and assistant extensions,apps/backend/internal/orchestration/runtime/global_roles_test.go,26,0,test,
B1 Orchestration runtime and assistant extensions,apps/backend/internal/orchestration/runtime/handler.go,419,0,source_or_docs,
B1 Orchestration runtime and assistant extensions,apps/backend/internal/orchestration/runtime/handler_test.go,90,0,test,
B1 Orchestration runtime and assistant extensions,apps/backend/internal/orchestration/runtime/intake.go,92,0,source_or_docs,
B1 Orchestration runtime and assistant extensions,apps/backend/internal/orchestration/runtime/intake_recovery_test.go,100,0,test,
B1 Orchestration runtime and assistant extensions,apps/backend/internal/orchestration/runtime/intake_test.go,180,0,test,
B1 Orchestration runtime and assistant extensions,apps/backend/internal/orchestration/runtime/intent.go,110,0,source_or_docs,
B1 Orchestration runtime and assistant extensions,apps/backend/internal/orchestration/runtime/memory.go,74,0,source_or_docs,
B1 Orchestration runtime and assistant extensions,apps/backend/internal/orchestration/runtime/migration_test.go,57,0,test,
B1 Orchestration runtime and assistant extensions,apps/backend/internal/orchestration/runtime/objective_completion.go,71,0,source_or_docs,
B1 Orchestration runtime and assistant extensions,apps/backend/internal/orchestration/runtime/objectives.go,152,0,source_or_docs,
B1 Orchestration runtime and assistant extensions,apps/backend/internal/orchestration/runtime/objectives_test.go,114,0,test,
B1 Orchestration runtime and assistant extensions,apps/backend/internal/orchestration/runtime/operations.go,106,0,source_or_docs,
B1 Orchestration runtime and assistant extensions,apps/backend/internal/orchestration/runtime/operations_test.go,156,0,test,
B1 Orchestration runtime and assistant extensions,apps/backend/internal/orchestration/runtime/private_turn.go,28,0,source_or_docs,
B1 Orchestration runtime and assistant extensions,apps/backend/internal/orchestration/runtime/recovery.go,81,0,source_or_docs,
B1 Orchestration runtime and assistant extensions,apps/backend/internal/orchestration/runtime/service.go,234,0,source_or_docs,
B1 Orchestration runtime and assistant extensions,apps/backend/internal/orchestration/runtime/service_test.go,144,0,test,
B1 Orchestration runtime and assistant extensions,apps/backend/internal/orchestration/runtime/task_context.go,19,0,source_or_docs,
B6 Core task execution and message queue context,apps/backend/internal/orchestrator/assistant_activity.go,13,0,source_or_docs,
B6 Core task execution and message queue context,apps/backend/internal/orchestrator/assistant_activity_test.go,18,0,test,
B6 Core task execution and message queue context,apps/backend/internal/orchestrator/conversation_context.go,35,0,source_or_docs,
B6 Core task execution and message queue context,apps/backend/internal/orchestrator/conversation_context_test.go,35,0,test,
B6 Core task execution and message queue context,apps/backend/internal/orchestrator/dispatch_guard.go,27,0,source_or_docs,
B6 Core task execution and message queue context,apps/backend/internal/orchestrator/dispatchcontext/context.go,30,0,source_or_docs,
B6 Core task execution and message queue context,apps/backend/internal/orchestrator/event_handlers_agent.go,6,1,source_or_docs,
B6 Core task execution and message queue context,apps/backend/internal/orchestrator/event_handlers_workflow.go,11,0,source_or_docs,
B6 Core task execution and message queue context,apps/backend/internal/orchestrator/executor/dispatch_guard.go,48,0,source_or_docs,
B6 Core task execution and message queue context,apps/backend/internal/orchestrator/executor/dispatch_guard_test.go,45,0,test,
B6 Core task execution and message queue context,apps/backend/internal/orchestrator/executor/executor.go,4,0,source_or_docs,
B6 Core task execution and message queue context,apps/backend/internal/orchestrator/executor/executor_execute.go,11,2,source_or_docs,
B6 Core task execution and message queue context,apps/backend/internal/orchestrator/executor/executor_interaction.go,8,2,source_or_docs,
B6 Core task execution and message queue context,apps/backend/internal/orchestrator/executor/executor_resume.go,5,2,source_or_docs,
B6 Core task execution and message queue context,apps/backend/internal/orchestrator/messagequeue/assistant_context_test.go,23,0,test,
B6 Core task execution and message queue context,apps/backend/internal/orchestrator/messagequeue/dispatch_context.go,51,0,source_or_docs,
B6 Core task execution and message queue context,apps/backend/internal/orchestrator/messagequeue/merge.go,3,0,source_or_docs,
B6 Core task execution and message queue context,apps/backend/internal/orchestrator/messagequeue/send_now.go,3,0,source_or_docs,
B6 Core task execution and message queue context,apps/backend/internal/orchestrator/messagequeue/service.go,15,10,source_or_docs,
B6 Core task execution and message queue context,apps/backend/internal/orchestrator/orchestration_profile.go,19,0,source_or_docs,
B6 Core task execution and message queue context,apps/backend/internal/orchestrator/orchestration_profile_test.go,19,0,test,
B6 Core task execution and message queue context,apps/backend/internal/orchestrator/persona_session_terminator.go,14,9,source_or_docs,apps/backend/internal/orchestrator/office_session_terminator.go
B6 Core task execution and message queue context,apps/backend/internal/orchestrator/queue_send_now.go,7,0,source_or_docs,
B6 Core task execution and message queue context,apps/backend/internal/orchestrator/task_operations.go,24,2,source_or_docs,
B7 Database portability and conformance,apps/backend/internal/persistence/requiredstores/catalog.go,7,1,source_or_docs,
B7 Database portability and conformance,apps/backend/internal/persistence/requiredstores/catalog_test.go,1,1,test,
B7 Database portability and conformance,apps/backend/internal/persistence/storeconformance/adapters.go,5,0,source_or_docs,
B7 Database portability and conformance,apps/backend/internal/persistence/storeconformance/orchestration_actions.go,118,0,source_or_docs,
B7 Database portability and conformance,apps/backend/internal/persistence/storeconformance/owner_actions.go,14,12,source_or_docs,
B7 Database portability and conformance,apps/backend/internal/persistence/storeconformance/suite_test.go,1,1,test,
B7 Database portability and conformance,apps/backend/internal/persistence/storeconformance/testdata/upgrades/v0.93.0/manifest.json,3,2,test,
"B8 CLI, auth, lifecycle, flags and other core seams",apps/backend/internal/profiles/profiles.yaml,4,0,source_or_docs,
B5 Shared run ownership and dispatch,apps/backend/internal/runs/dispatcher/dispatcher.go,67,0,source_or_docs,
B5 Shared run ownership and dispatch,apps/backend/internal/runs/dispatcher/dispatcher_test.go,52,0,test,
B5 Shared run ownership and dispatch,apps/backend/internal/runs/models/continuation_scope.go,46,0,source_or_docs,
B5 Shared run ownership and dispatch,apps/backend/internal/runs/models/enums.go,53,0,source_or_docs,
B5 Shared run ownership and dispatch,apps/backend/internal/runs/models/models.go,106,0,source_or_docs,
B5 Shared run ownership and dispatch,apps/backend/internal/runs/repository/sqlite/base.go,2,8,source_or_docs,
B5 Shared run ownership and dispatch,apps/backend/internal/runs/repository/sqlite/base_test.go,6,0,test,
B5 Shared run ownership and dispatch,apps/backend/internal/runs/repository/sqlite/run_events.go,1,1,source_or_docs,
B5 Shared run ownership and dispatch,apps/backend/internal/runs/repository/sqlite/runs.go,16,7,source_or_docs,
B5 Shared run ownership and dispatch,apps/backend/internal/runs/repository/sqlite/runs_queue_test.go,15,0,test,
B5 Shared run ownership and dispatch,apps/backend/internal/runs/repository/sqlite/schema.go,114,0,source_or_docs,
B5 Shared run ownership and dispatch,apps/backend/internal/runs/repository/sqlite/session_lookup.go,19,0,source_or_docs,
B5 Shared run ownership and dispatch,apps/backend/internal/runs/service/callback_test.go,38,0,test,
B5 Shared run ownership and dispatch,apps/backend/internal/runs/service/service.go,10,8,source_or_docs,
"B8 CLI, auth, lifecycle, flags and other core seams",apps/backend/internal/runtimeflags/registry.go,1,0,source_or_docs,
"B8 CLI, auth, lifecycle, flags and other core seams",apps/backend/internal/sysprompt/sysprompt.go,9,0,source_or_docs,
"B8 CLI, auth, lifecycle, flags and other core seams",apps/backend/internal/task/repository/sqlite/base_schema.go,1,0,source_or_docs,
"B8 CLI, auth, lifecycle, flags and other core seams",apps/backend/internal/task/repository/sqlite/builtin_workflow_test.go,21,0,test,
"B8 CLI, auth, lifecycle, flags and other core seams",apps/backend/internal/task/repository/sqlite/comments_schema.go,21,0,source_or_docs,
"B8 CLI, auth, lifecycle, flags and other core seams",apps/backend/internal/task/repository/sqlite/is_from_office_test.go,15,0,test,
"B8 CLI, auth, lifecycle, flags and other core seams",apps/backend/internal/task/repository/sqlite/task.go,10,2,source_or_docs,
"B8 CLI, auth, lifecycle, flags and other core seams",apps/backend/internal/task/service/service.go,1,0,source_or_docs,
"B8 CLI, auth, lifecycle, flags and other core seams",apps/backend/internal/task/service/service_access.go,13,2,source_or_docs,
"B8 CLI, auth, lifecycle, flags and other core seams",apps/backend/internal/task/service/service_events.go,2,0,source_or_docs,
"B8 CLI, auth, lifecycle, flags and other core seams",apps/backend/internal/task/service/service_test.go,4,0,test,
"B8 CLI, auth, lifecycle, flags and other core seams",apps/backend/internal/task/share/redaction.go,14,201,source_or_docs,
"W3 Coordinator, Office, automation and navigation UI",apps/web/AGENTS.md,1,1,source_or_docs,
"W3 Coordinator, Office, automation and navigation UI",apps/web/ORCHESTRATION.md,7,0,source_or_docs,
"W3 Coordinator, Office, automation and navigation UI",apps/web/app/office/agents/[id]/components/agent-configuration-tab.tsx,12,2,source_or_docs,
"W3 Coordinator, Office, automation and navigation UI",apps/web/app/office/agents/[id]/components/open-conversation-button.tsx,41,0,source_or_docs,
"W3 Coordinator, Office, automation and navigation UI",apps/web/app/office/agents/[id]/components/persona-executor-field.tsx,1,0,source_or_docs,
"W3 Coordinator, Office, automation and navigation UI",apps/web/app/office/agents/[id]/layout.tsx,8,0,source_or_docs,
"W3 Coordinator, Office, automation and navigation UI",apps/web/app/office/agents/agents-page-client.tsx,9,12,source_or_docs,
"W3 Coordinator, Office, automation and navigation UI",apps/web/app/office/agents/components/create-agent-dialog.tsx,21,0,source_or_docs,
"W3 Coordinator, Office, automation and navigation UI",apps/web/app/office/components/agent-avatar.test.tsx,13,0,test,
"W3 Coordinator, Office, automation and navigation UI",apps/web/app/office/components/agent-avatar.tsx,1,85,source_or_docs,
"W3 Coordinator, Office, automation and navigation UI",apps/web/app/office/setup/workspace-office-setup.tsx,16,0,source_or_docs,
"W3 Coordinator, Office, automation and navigation UI",apps/web/app/office/tasks/[id]/page.tsx,39,26,source_or_docs,
"W3 Coordinator, Office, automation and navigation UI",apps/web/app/office/tasks/[id]/task-agent-navigation.tsx,39,0,source_or_docs,
"W3 Coordinator, Office, automation and navigation UI",apps/web/app/office/tasks/[id]/types.ts,1,183,source_or_docs,
"W3 Coordinator, Office, automation and navigation UI",apps/web/app/office/tasks/[id]/use-session-live-sync.ts,1,71,source_or_docs,
"W3 Coordinator, Office, automation and navigation UI",apps/web/app/page-client.tsx,5,2,source_or_docs,
"W3 Coordinator, Office, automation and navigation UI",apps/web/app/settings/orchestration/conversation-pane.tsx,84,0,source_or_docs,
"W3 Coordinator, Office, automation and navigation UI",apps/web/app/settings/orchestration/conversation-route.tsx,114,0,source_or_docs,
"W3 Coordinator, Office, automation and navigation UI",apps/web/app/settings/orchestration/orchestration-gate.tsx,18,0,source_or_docs,
"W3 Coordinator, Office, automation and navigation UI",apps/web/app/settings/orchestration/orchestrator-connections.tsx,49,0,source_or_docs,
"W3 Coordinator, Office, automation and navigation UI",apps/web/app/settings/orchestration/orchestrator-editor.tsx,196,0,source_or_docs,
"W3 Coordinator, Office, automation and navigation UI",apps/web/app/settings/orchestration/orchestrator-fields.tsx,78,0,source_or_docs,
"W3 Coordinator, Office, automation and navigation UI",apps/web/app/settings/orchestration/orchestrators-page.tsx,104,0,source_or_docs,
"W3 Coordinator, Office, automation and navigation UI",apps/web/app/settings/orchestration/persona-icon-field.tsx,44,0,source_or_docs,
"W3 Coordinator, Office, automation and navigation UI",apps/web/app/settings/orchestration/roles-page.tsx,131,0,source_or_docs,
"W3 Coordinator, Office, automation and navigation UI",apps/web/app/settings/workspace/agents/agent-delegation-context.tsx,37,0,source_or_docs,
"W3 Coordinator, Office, automation and navigation UI",apps/web/app/settings/workspace/agents/agent-execution-profile.tsx,99,0,source_or_docs,
"W3 Coordinator, Office, automation and navigation UI",apps/web/app/settings/workspace/agents/connect-agent-dialog.tsx,158,0,source_or_docs,
"W3 Coordinator, Office, automation and navigation UI",apps/web/app/settings/workspace/agents/workspace-agent-card.tsx,91,0,source_or_docs,
"W3 Coordinator, Office, automation and navigation UI",apps/web/app/settings/workspace/agents/workspace-agents-page.tsx,61,0,source_or_docs,
"W3 Coordinator, Office, automation and navigation UI",apps/web/app/settings/workspace/workspace-edit-client.tsx,2,0,source_or_docs,
"W3 Coordinator, Office, automation and navigation UI",apps/web/app/tasks/[id]/kanban-task-shell.tsx,16,5,source_or_docs,
"W3 Coordinator, Office, automation and navigation UI",apps/web/components/app-sidebar/app-sidebar-footer.tsx,23,0,source_or_docs,
"W3 Coordinator, Office, automation and navigation UI",apps/web/components/app-sidebar/app-sidebar-new-task-item.tsx,1,2,source_or_docs,
"W3 Coordinator, Office, automation and navigation UI",apps/web/components/app-sidebar/app-sidebar-primary-nav.test.tsx,1,0,test,
"W3 Coordinator, Office, automation and navigation UI",apps/web/components/app-sidebar/app-sidebar-primary-nav.tsx,2,0,source_or_docs,
"W3 Coordinator, Office, automation and navigation UI",apps/web/components/app-sidebar/orchestration-nav.tsx,72,0,source_or_docs,
"W3 Coordinator, Office, automation and navigation UI",apps/web/components/app-sidebar/sections/settings/settings-menu-branches.ts,5,2,source_or_docs,
"W3 Coordinator, Office, automation and navigation UI",apps/web/components/app-sidebar/sections/settings/settings-menu-sections.ts,8,2,source_or_docs,
"W3 Coordinator, Office, automation and navigation UI",apps/web/components/app-sidebar/sections/settings/settings-tree.tsx,2,0,source_or_docs,
"W3 Coordinator, Office, automation and navigation UI",apps/web/components/app-sidebar/sections/settings/use-settings-menu-branches.ts,3,1,source_or_docs,
"W3 Coordinator, Office, automation and navigation UI",apps/web/components/app-sidebar/workspace-chief-nav.tsx,78,0,source_or_docs,
"W3 Coordinator, Office, automation and navigation UI",apps/web/components/automations/automation-editor-sections.tsx,77,54,source_or_docs,
"W3 Coordinator, Office, automation and navigation UI",apps/web/components/automations/automation-editor.tsx,3,2,source_or_docs,
"W3 Coordinator, Office, automation and navigation UI",apps/web/components/automations/automation-payload.test.ts,28,0,test,
"W3 Coordinator, Office, automation and navigation UI",apps/web/components/automations/automation-payload.ts,23,16,source_or_docs,
"W3 Coordinator, Office, automation and navigation UI",apps/web/components/automations/orchestrator-target-field.tsx,74,0,source_or_docs,
"W3 Coordinator, Office, automation and navigation UI",apps/web/components/automations/runs-section.tsx,15,1,source_or_docs,
"W3 Coordinator, Office, automation and navigation UI",apps/web/components/navigation/app-nav-sheet.tsx,2,0,source_or_docs,
"W3 Coordinator, Office, automation and navigation UI",apps/web/components/runs/automation-detail-page.tsx,15,1,source_or_docs,
"W3 Coordinator, Office, automation and navigation UI",apps/web/components/runs/run-feed-item.tsx,12,0,source_or_docs,
"W3 Coordinator, Office, automation and navigation UI",apps/web/components/runs/run-status.ts,3,0,source_or_docs,
"W3 Coordinator, Office, automation and navigation UI",apps/web/components/runs/runs-rail.tsx,1,1,source_or_docs,
"W3 Coordinator, Office, automation and navigation UI",apps/web/components/settings/workspaces/workspace-overview-orchestration.tsx,17,0,source_or_docs,
"W3 Coordinator, Office, automation and navigation UI",apps/web/components/settings/workspaces/workspace-section-links.test.tsx,10,1,test,
"W3 Coordinator, Office, automation and navigation UI",apps/web/components/settings/workspaces/workspace-section-links.tsx,53,33,source_or_docs,
"W3 Coordinator, Office, automation and navigation UI",apps/web/components/settings/workspaces/workspace-settings-shell.tsx,5,1,source_or_docs,
"W2 Shared chat, identity and session rendering",apps/web/components/shared/agent-avatar.tsx,85,0,source_or_docs,
"W2 Shared chat, identity and session rendering",apps/web/components/shared/persona-executor-field.tsx,54,0,source_or_docs,
"W3 Coordinator, Office, automation and navigation UI",apps/web/components/task/mobile/session-mobile-top-bar.tsx,2,0,source_or_docs,
"W2 Shared chat, identity and session rendering",apps/web/components/task/simple/OfficeSimplePane.test.tsx,1,1,test,
"W2 Shared chat, identity and session rendering",apps/web/components/task/simple/OfficeSimplePane.tsx,1,1,source_or_docs,
"W2 Shared chat, identity and session rendering",apps/web/components/task/simple/chat-activity-tabs.test.tsx,1,1,test,
"W2 Shared chat, identity and session rendering",apps/web/components/task/simple/chat-activity-tabs.tsx,52,39,source_or_docs,
"W2 Shared chat, identity and session rendering",apps/web/components/task/simple/chat-entries.test.ts,1,1,test,
"W2 Shared chat, identity and session rendering",apps/web/components/task/simple/chat-entries.ts,1,1,source_or_docs,
"W2 Shared chat, identity and session rendering",apps/web/components/task/simple/comment-transport.ts,9,0,source_or_docs,
"W2 Shared chat, identity and session rendering",apps/web/components/task/simple/components/agents-multi-picker.test.tsx,1,1,test,
"W2 Shared chat, identity and session rendering",apps/web/components/task/simple/components/agents-multi-picker.tsx,1,1,source_or_docs,
"W2 Shared chat, identity and session rendering",apps/web/components/task/simple/components/approval-action-bar.test.tsx,1,1,test,
"W2 Shared chat, identity and session rendering",apps/web/components/task/simple/components/approval-action-bar.tsx,1,1,source_or_docs,
"W2 Shared chat, identity and session rendering",apps/web/components/task/simple/components/approvers-picker.tsx,1,1,source_or_docs,
"W2 Shared chat, identity and session rendering",apps/web/components/task/simple/components/assignee-picker.tsx,2,2,source_or_docs,
"W2 Shared chat, identity and session rendering",apps/web/components/task/simple/components/blockers-picker.test.tsx,1,1,test,
"W2 Shared chat, identity and session rendering",apps/web/components/task/simple/components/blockers-picker.tsx,1,1,source_or_docs,
"W2 Shared chat, identity and session rendering",apps/web/components/task/simple/components/labels-picker.tsx,1,1,source_or_docs,
"W2 Shared chat, identity and session rendering",apps/web/components/task/simple/components/parent-picker.test.tsx,1,1,test,
"W2 Shared chat, identity and session rendering",apps/web/components/task/simple/components/parent-picker.tsx,1,1,source_or_docs,
"W2 Shared chat, identity and session rendering",apps/web/components/task/simple/components/pending-approval-badge.test.tsx,1,1,test,
"W2 Shared chat, identity and session rendering",apps/web/components/task/simple/components/pending-approval-badge.tsx,1,1,source_or_docs,
"W2 Shared chat, identity and session rendering",apps/web/components/task/simple/components/priority-picker.test.tsx,1,1,test,
"W2 Shared chat, identity and session rendering",apps/web/components/task/simple/components/priority-picker.tsx,1,1,source_or_docs,
"W2 Shared chat, identity and session rendering",apps/web/components/task/simple/components/project-picker.tsx,1,1,source_or_docs,
"W2 Shared chat, identity and session rendering",apps/web/components/task/simple/components/reviewers-picker.tsx,1,1,source_or_docs,
"W2 Shared chat, identity and session rendering",apps/web/components/task/simple/components/run-error-entry.tsx,43,10,source_or_docs,
"W2 Shared chat, identity and session rendering",apps/web/components/task/simple/components/session-timeline-entry.test.tsx,1,1,test,
"W2 Shared chat, identity and session rendering",apps/web/components/task/simple/components/session-timeline-entry.tsx,1,1,source_or_docs,
"W2 Shared chat, identity and session rendering",apps/web/components/task/simple/components/status-picker.test.tsx,1,1,test,
"W2 Shared chat, identity and session rendering",apps/web/components/task/simple/components/status-picker.tsx,1,1,source_or_docs,
"W2 Shared chat, identity and session rendering",apps/web/components/task/simple/components/sub-issues-row.tsx,1,1,source_or_docs,
"W2 Shared chat, identity and session rendering",apps/web/components/task/simple/components/user-comment-run-badge.tsx,1,1,source_or_docs,
"W2 Shared chat, identity and session rendering",apps/web/components/task/simple/markdown-comment.test.tsx,28,0,test,
"W2 Shared chat, identity and session rendering",apps/web/components/task/simple/markdown-comment.tsx,4,2,source_or_docs,
"W2 Shared chat, identity and session rendering",apps/web/components/task/simple/persona-identity-context.tsx,9,0,source_or_docs,
"W2 Shared chat, identity and session rendering",apps/web/components/task/simple/recovery-transport.ts,7,0,source_or_docs,
"W2 Shared chat, identity and session rendering",apps/web/components/task/simple/session-groups.test.ts,1,1,test,
"W2 Shared chat, identity and session rendering",apps/web/components/task/simple/session-groups.ts,1,1,source_or_docs,
"W2 Shared chat, identity and session rendering",apps/web/components/task/simple/subtask-stepper.tsx,1,1,source_or_docs,
"W2 Shared chat, identity and session rendering",apps/web/components/task/simple/task-activity.tsx,8,4,source_or_docs,
"W2 Shared chat, identity and session rendering",apps/web/components/task/simple/task-chat-identity.test.tsx,55,0,test,
"W2 Shared chat, identity and session rendering",apps/web/components/task/simple/task-chat-timeline-entries.tsx,1,1,source_or_docs,
"W2 Shared chat, identity and session rendering",apps/web/components/task/simple/task-chat.test.tsx,1,1,test,
"W2 Shared chat, identity and session rendering",apps/web/components/task/simple/task-chat.tsx,21,18,source_or_docs,
"W2 Shared chat, identity and session rendering",apps/web/components/task/simple/task-link-context.tsx,5,0,source_or_docs,
"W2 Shared chat, identity and session rendering",apps/web/components/task/simple/task-properties.tsx,1,1,source_or_docs,
"W2 Shared chat, identity and session rendering",apps/web/components/task/simple/turn-context.ts,1,1,source_or_docs,
"W2 Shared chat, identity and session rendering",apps/web/components/task/simple/types.ts,183,0,source_or_docs,
"W3 Coordinator, Office, automation and navigation UI",apps/web/components/task/task-orchestrator-link.tsx,36,0,source_or_docs,
W1 Browser fixtures and scenarios,apps/web/e2e/fixtures/backend.ts,1,1,test,
W1 Browser fixtures and scenarios,apps/web/e2e/helpers/orchestration.ts,17,0,test,
W1 Browser fixtures and scenarios,apps/web/e2e/tests/office/chief-of-staff.spec.ts,171,0,test,
W1 Browser fixtures and scenarios,apps/web/e2e/tests/office/workspace-agent-connections.spec.ts,98,0,test,
W1 Browser fixtures and scenarios,apps/web/e2e/tests/orchestration/automation-orchestrator.spec.ts,67,0,test,
W1 Browser fixtures and scenarios,apps/web/e2e/tests/orchestration/workspace-orchestrators.spec.ts,241,0,test,
W1 Browser fixtures and scenarios,apps/web/e2e/tests/ssh/office-persona.spec.ts,109,0,test,
"W3 Coordinator, Office, automation and navigation UI",apps/web/hooks/domains/office/use-workspace-agents.ts,50,0,source_or_docs,
"W3 Coordinator, Office, automation and navigation UI",apps/web/hooks/domains/orchestration/use-orchestration-data.ts,30,0,source_or_docs,
"W3 Coordinator, Office, automation and navigation UI",apps/web/hooks/domains/orchestration/use-orchestrator-conversation.ts,37,0,source_or_docs,
"W2 Shared chat, identity and session rendering",apps/web/hooks/domains/session/use-session-live-sync.ts,71,0,source_or_docs,
"W3 Coordinator, Office, automation and navigation UI",apps/web/hooks/domains/settings/use-settings-discovery.ts,12,1,source_or_docs,
"W3 Coordinator, Office, automation and navigation UI",apps/web/hooks/use-kanban-onboarding-complete.ts,18,0,source_or_docs,
"W3 Coordinator, Office, automation and navigation UI",apps/web/lib/api/domains/office-api.ts,8,0,source_or_docs,
"W3 Coordinator, Office, automation and navigation UI",apps/web/lib/api/domains/orchestration-api.ts,74,0,source_or_docs,
"W3 Coordinator, Office, automation and navigation UI",apps/web/lib/api/domains/orchestration-conversation-api.test.ts,45,0,test,
"W3 Coordinator, Office, automation and navigation UI",apps/web/lib/api/domains/orchestration-conversation-api.ts,49,0,source_or_docs,
"W3 Coordinator, Office, automation and navigation UI",apps/web/lib/api/domains/workspace-agents-api.ts,46,0,source_or_docs,
"W3 Coordinator, Office, automation and navigation UI",apps/web/lib/settings-discovery/catalog/standalone.ts,10,0,source_or_docs,
"W3 Coordinator, Office, automation and navigation UI",apps/web/lib/settings-discovery/resolve.ts,3,0,source_or_docs,
"W3 Coordinator, Office, automation and navigation UI",apps/web/lib/settings-discovery/types.ts,2,1,source_or_docs,
"W3 Coordinator, Office, automation and navigation UI",apps/web/lib/settings/office-setup.test.ts,21,0,test,
"W3 Coordinator, Office, automation and navigation UI",apps/web/lib/settings/office-setup.ts,19,0,source_or_docs,
"W3 Coordinator, Office, automation and navigation UI",apps/web/lib/settings/workspace-settings-tabs.test.ts,19,0,test,
"W3 Coordinator, Office, automation and navigation UI",apps/web/lib/settings/workspace-settings-tabs.ts,14,0,source_or_docs,
"W3 Coordinator, Office, automation and navigation UI",apps/web/lib/state/slices/features/types.ts,1,0,source_or_docs,
"W3 Coordinator, Office, automation and navigation UI",apps/web/lib/state/slices/office/routing-types.ts,1,0,source_or_docs,
"W3 Coordinator, Office, automation and navigation UI",apps/web/lib/types/agent-profile.ts,3,0,source_or_docs,
"W3 Coordinator, Office, automation and navigation UI",apps/web/lib/types/automation.ts,5,0,source_or_docs,
"W3 Coordinator, Office, automation and navigation UI",apps/web/src/locales/en/automations.json,10,1,source_or_docs,
"W3 Coordinator, Office, automation and navigation UI",apps/web/src/locales/en/office.json,77,1,source_or_docs,
"W3 Coordinator, Office, automation and navigation UI",apps/web/src/locales/en/orchestration.json,44,0,source_or_docs,
"W3 Coordinator, Office, automation and navigation UI",apps/web/src/locales/pseudo/automations.json,10,1,source_or_docs,
"W3 Coordinator, Office, automation and navigation UI",apps/web/src/locales/pseudo/office.json,77,1,source_or_docs,
"W3 Coordinator, Office, automation and navigation UI",apps/web/src/locales/pseudo/orchestration.json,44,0,source_or_docs,
"W3 Coordinator, Office, automation and navigation UI",apps/web/src/locales/pt-pt/automations.json,10,1,source_or_docs,
"W3 Coordinator, Office, automation and navigation UI",apps/web/src/locales/pt-pt/orchestration.json,44,0,source_or_docs,
"W3 Coordinator, Office, automation and navigation UI",apps/web/src/locales/zh-cn/automations.json,10,1,source_or_docs,
"W3 Coordinator, Office, automation and navigation UI",apps/web/src/locales/zh-cn/orchestration.json,44,0,source_or_docs,
"W3 Coordinator, Office, automation and navigation UI",apps/web/src/locales/zh-hk/automations.json,10,1,source_or_docs,
"W3 Coordinator, Office, automation and navigation UI",apps/web/src/locales/zh-hk/orchestration.json,44,0,source_or_docs,
"W3 Coordinator, Office, automation and navigation UI",apps/web/src/locales/zh-tw/automations.json,10,1,source_or_docs,
"W3 Coordinator, Office, automation and navigation UI",apps/web/src/locales/zh-tw/orchestration.json,44,0,source_or_docs,
"W3 Coordinator, Office, automation and navigation UI",apps/web/src/office-routes.tsx,10,7,source_or_docs,
"W3 Coordinator, Office, automation and navigation UI",apps/web/src/settings-routes.tsx,22,2,source_or_docs,
"W3 Coordinator, Office, automation and navigation UI",apps/web/src/spa-routes.tsx,19,16,source_or_docs,
"W3 Coordinator, Office, automation and navigation UI",apps/web/src/spa-routing.test.ts,1,1,test,
"W3 Coordinator, Office, automation and navigation UI",apps/web/src/spa-routing.ts,10,0,source_or_docs,
"D1 Specifications, plans, ADRs and public docs",docs/decisions/2026-09-07-workspace-orchestration.md,21,0,source_or_docs,
"D1 Specifications, plans, ADRs and public docs",docs/decisions/2026-09-16-private-conversation-ownership.md,29,0,source_or_docs,
"D1 Specifications, plans, ADRs and public docs",docs/decisions/INDEX.md,2,0,source_or_docs,
"D1 Specifications, plans, ADRs and public docs",docs/plans/chief-of-staff/local-testing.md,36,0,source_or_docs,
"D1 Specifications, plans, ADRs and public docs",docs/plans/chief-of-staff/plan.md,44,0,source_or_docs,
"D1 Specifications, plans, ADRs and public docs",docs/plans/chief-of-staff/task-01-persona.md,20,0,source_or_docs,
"D1 Specifications, plans, ADRs and public docs",docs/plans/personal-assistant/experiments.md,80,0,source_or_docs,
"D1 Specifications, plans, ADRs and public docs",docs/plans/personal-assistant/ownership-checkpoint.md,62,0,source_or_docs,
"D1 Specifications, plans, ADRs and public docs",docs/plans/personal-assistant/plan.md,207,0,source_or_docs,
"D1 Specifications, plans, ADRs and public docs",docs/plans/personal-assistant/task-01-durable-intake.md,73,0,source_or_docs,
"D1 Specifications, plans, ADRs and public docs",docs/plans/personal-assistant/task-02-objectives-routing.md,65,0,source_or_docs,
"D1 Specifications, plans, ADRs and public docs",docs/plans/personal-assistant/task-03-memory-context.md,74,0,source_or_docs,
"D1 Specifications, plans, ADRs and public docs",docs/plans/personal-assistant/task-04-capability-inventory.md,57,0,source_or_docs,
"D1 Specifications, plans, ADRs and public docs",docs/plans/personal-assistant/task-05-tool-authority.md,57,0,source_or_docs,
"D1 Specifications, plans, ADRs and public docs",docs/plans/personal-assistant/task-06-attention.md,56,0,source_or_docs,
"D1 Specifications, plans, ADRs and public docs",docs/plans/personal-assistant/task-07-input-resolution.md,57,0,source_or_docs,
"D1 Specifications, plans, ADRs and public docs",docs/plans/personal-assistant/task-08-assistant-ui.md,59,0,source_or_docs,
"D1 Specifications, plans, ADRs and public docs",docs/plans/personal-assistant/task-09-workflow-improvements.md,58,0,source_or_docs,
"D1 Specifications, plans, ADRs and public docs",docs/plans/personal-assistant/task-10-workspace-grants.md,59,0,source_or_docs,
"D1 Specifications, plans, ADRs and public docs",docs/plans/personal-assistant/task-11-read-only-e2e.md,61,0,source_or_docs,
"D1 Specifications, plans, ADRs and public docs",docs/plans/unified-workspace-orchestration/plan.md,20,0,source_or_docs,
"D1 Specifications, plans, ADRs and public docs",docs/plans/unified-workspace-orchestration/task-01-integration.md,7,0,source_or_docs,
"D1 Specifications, plans, ADRs and public docs",docs/plans/workspace-agents/plan.md,46,0,source_or_docs,
"D1 Specifications, plans, ADRs and public docs",docs/plans/workspace-agents/task-01-connections.md,13,0,source_or_docs,
"D1 Specifications, plans, ADRs and public docs",docs/plans/workspace-orchestrators/plan.md,82,0,source_or_docs,
"D1 Specifications, plans, ADRs and public docs",docs/plans/workspace-orchestrators/task-01-first-class-orchestration.md,11,0,source_or_docs,
"D1 Specifications, plans, ADRs and public docs",docs/public/automation-and-mcp.md,5,0,source_or_docs,
"D1 Specifications, plans, ADRs and public docs",docs/public/coverage.json,23,1,source_or_docs,
"D1 Specifications, plans, ADRs and public docs",docs/public/feature-status.md,1,0,source_or_docs,
"D1 Specifications, plans, ADRs and public docs",docs/public/meta.json,2,0,source_or_docs,
"D1 Specifications, plans, ADRs and public docs",docs/public/orchestration-personas.md,79,0,source_or_docs,
"D1 Specifications, plans, ADRs and public docs",docs/public/personal-assistant-api.md,60,0,source_or_docs,
"D1 Specifications, plans, ADRs and public docs",docs/specs/chief-of-staff/spec.md,43,0,source_or_docs,
"D1 Specifications, plans, ADRs and public docs",docs/specs/personal-assistant/spec.md,180,0,source_or_docs,
"D1 Specifications, plans, ADRs and public docs",docs/specs/unified-workspace-orchestration/spec.md,7,0,source_or_docs,
"D1 Specifications, plans, ADRs and public docs",docs/specs/workspace-agents/spec.md,23,0,source_or_docs,
"D1 Specifications, plans, ADRs and public docs",docs/specs/workspace-orchestrators/spec.md,28,0,source_or_docs,
